{"cameraMode":{"drawMode":0,"name":"Shaded","section":"Shading Mode"},"sceneLighting":false,"audioPlay":false,"sceneViewState":{"showFog":true,"showMaterialUpdate":false,"showSkybox":true,"showFlares":true,"showImageEffects":true,"showParticleSystems":true},"in2DMode":false,"pivot":{"x":13.912469863891602,"y":2.610590934753418,"z":-6.9032392501831059},"rotation":{"x":-0.055379774421453479,"y":0.919353187084198,"z":-0.3634757995605469,"w":-0.140080064535141},"size":8.081286430358887,"orthographic":false}