{"cameraMode":{"drawMode":0,"name":"Shaded","section":"Shading Mode"},"sceneLighting":false,"audioPlay":false,"sceneViewState":{"showFog":true,"showMaterialUpdate":false,"showSkybox":true,"showFlares":true,"showImageEffects":true,"showParticleSystems":true},"in2DMode":false,"pivot":{"x":13.124780654907227,"y":6.025525093078613,"z":-5.988727569580078},"rotation":{"x":-0.0171049814671278,"y":0.9772721529006958,"z":-0.08671420812606812,"w":-0.19271975755691529},"size":0.10408693552017212,"orthographic":false}