{"cameraMode":{"drawMode":0,"name":"Shaded","section":"Shading Mode"},"sceneLighting":false,"audioPlay":false,"sceneViewState":{"showFog":true,"showMaterialUpdate":false,"showSkybox":true,"showFlares":true,"showImageEffects":true,"showParticleSystems":true},"in2DMode":false,"pivot":{"x":11.121309280395508,"y":3.0071258544921877,"z":-8.338168144226075},"rotation":{"x":-0.07210386544466019,"y":0.9245312809944153,"z":-0.2203776091337204,"w":-0.30248817801475527},"size":5.016669750213623,"orthographic":false}