{"cameraMode":{"drawMode":0,"name":"Shaded","section":"Shading Mode"},"sceneLighting":false,"audioPlay":false,"sceneViewState":{"showFog":true,"showMaterialUpdate":false,"showSkybox":true,"showFlares":true,"showImageEffects":true,"showParticleSystems":true},"in2DMode":false,"pivot":{"x":13.422391891479493,"y":2.0318660736083986,"z":-6.18235969543457},"rotation":{"x":-0.055379774421453479,"y":0.919353187084198,"z":-0.3634757995605469,"w":-0.140080064535141},"size":7.614785194396973,"orthographic":false}