{"cameraMode":{"drawMode":0,"name":"Shaded","section":"Shading Mode"},"sceneLighting":false,"audioPlay":false,"sceneViewState":{"showFog":true,"showMaterialUpdate":false,"showSkybox":true,"showFlares":true,"showImageEffects":true,"showParticleSystems":true},"in2DMode":false,"pivot":{"x":13.439580917358399,"y":5.508514404296875,"z":-2.565145254135132},"rotation":{"x":-0.1335335671901703,"y":0.7728387713432312,"z":-0.17322471737861634,"w":-0.5957316160202026},"size":5.813115119934082,"orthographic":false}