{"cameraMode":{"drawMode":0,"name":"Shaded","section":"Shading Mode"},"sceneLighting":false,"audioPlay":false,"sceneViewState":{"showFog":true,"showMaterialUpdate":false,"showSkybox":false,"showFlares":true,"showImageEffects":true,"showParticleSystems":true},"in2DMode":false,"pivot":{"x":-1.222000002861023,"y":-0.0560000017285347,"z":-1.9179999828338624},"rotation":{"x":-0.1335335671901703,"y":0.7728387713432312,"z":-0.17322471737861634,"w":-0.5957316160202026},"size":0.000017909791495185345,"orthographic":false}