{"cameraMode":{"drawMode":0,"name":"Shaded","section":"Shading Mode"},"sceneLighting":false,"audioPlay":false,"sceneViewState":{"showFog":true,"showMaterialUpdate":false,"showSkybox":true,"showFlares":true,"showImageEffects":true,"showParticleSystems":true},"in2DMode":false,"pivot":{"x":9.993335723876954,"y":-4.1425323486328129,"z":0.9492874145507813},"rotation":{"x":-0.055379774421453479,"y":0.919353187084198,"z":-0.3634757995605469,"w":-0.140080064535141},"size":18.616987228393556,"orthographic":false}