{"cameraMode":{"drawMode":0,"name":"Shaded","section":"Shading Mode"},"sceneLighting":false,"audioPlay":false,"sceneViewState":{"showFog":true,"showMaterialUpdate":false,"showSkybox":true,"showFlares":true,"showImageEffects":true,"showParticleSystems":true},"in2DMode":false,"pivot":{"x":14.610668182373047,"y":5.782216548919678,"z":-3.199197292327881},"rotation":{"x":-0.055379774421453479,"y":0.919353187084198,"z":-0.3634757995605469,"w":-0.140080064535141},"size":0.018558446317911149,"orthographic":false}