{"cameraMode":{"drawMode":0,"name":"Shaded","section":"Shading Mode"},"sceneLighting":false,"audioPlay":false,"sceneViewState":{"showFog":true,"showMaterialUpdate":false,"showSkybox":true,"showFlares":true,"showImageEffects":true,"showParticleSystems":true},"in2DMode":false,"pivot":{"x":13.124780654907227,"y":6.025525093078613,"z":-5.988727569580078},"rotation":{"x":0.015779826790094377,"y":0.9826177358627319,"z":-0.15605518221855164,"w":0.09938139468431473},"size":4.004086494445801,"orthographic":false}