{"cameraMode":{"drawMode":0,"name":"Shaded","section":"Shading Mode"},"sceneLighting":false,"audioPlay":false,"sceneViewState":{"showFog":true,"showMaterialUpdate":false,"showSkybox":true,"showFlares":true,"showImageEffects":true,"showParticleSystems":true},"in2DMode":false,"pivot":{"x":13.720705032348633,"y":6.025752067565918,"z":-2.885296583175659},"rotation":{"x":-0.023964468389749528,"y":0.9686387777328491,"z":-0.22475729882717133,"w":-0.1032608151435852},"size":0.22932296991348267,"orthographic":false}