{"cameraMode":{"drawMode":0,"name":"Shaded","section":"Shading Mode"},"sceneLighting":false,"audioPlay":false,"sceneViewState":{"showFog":true,"showMaterialUpdate":false,"showSkybox":true,"showFlares":true,"showImageEffects":true,"showParticleSystems":true},"in2DMode":false,"pivot":{"x":13.282686233520508,"y":2.9139184951782228,"z":-7.004744529724121},"rotation":{"x":-0.055379774421453479,"y":0.919353187084198,"z":-0.3634757995605469,"w":-0.140080064535141},"size":4.319669723510742,"orthographic":false}