{"cameraMode":{"drawMode":0,"name":"Shaded","section":"Shading Mode"},"sceneLighting":false,"audioPlay":false,"sceneViewState":{"showFog":true,"showMaterialUpdate":false,"showSkybox":true,"showFlares":true,"showImageEffects":true,"showParticleSystems":true},"in2DMode":false,"pivot":{"x":13.124780654907227,"y":6.025525093078613,"z":-5.988727569580078},"rotation":{"x":-0.033606596291065219,"y":0.7510287165641785,"z":-0.038332581520080569,"w":-0.658309817314148},"size":0.70408695936203,"orthographic":false}