{"cameraMode":{"drawMode":0,"name":"Shaded","section":"Shading Mode"},"sceneLighting":false,"audioPlay":false,"sceneViewState":{"showFog":true,"showMaterialUpdate":false,"showSkybox":true,"showFlares":true,"showImageEffects":true,"showParticleSystems":true},"in2DMode":false,"pivot":{"x":17.70760154724121,"y":9.112814903259278,"z":-2.491666793823242},"rotation":{"x":-0.37835773825645449,"y":0.044955216348171237,"z":-0.018397364765405656,"w":-0.9243956804275513},"size":2.483330249786377,"orthographic":false}