{"cameraMode":{"drawMode":0,"name":"Shaded","section":"Shading Mode"},"sceneLighting":false,"audioPlay":false,"sceneViewState":{"showFog":true,"showMaterialUpdate":false,"showSkybox":false,"showFlares":true,"showImageEffects":true,"showParticleSystems":true},"in2DMode":false,"pivot":{"x":17.547128677368165,"y":5.263174057006836,"z":4.7016448974609379},"rotation":{"x":-0.18319854140281678,"y":0.05216808617115021,"z":-0.009733016602694989,"w":-0.981653094291687},"size":0.9421570897102356,"orthographic":false}